feature,mi_score,mi_rank,f_score,p_value,anova_rank,is_significant,variance,zero_ratio,is_constant,is_near_zero,is_high_zero,mi_rank_norm,anova_rank_norm,combined_score,final_rank,is_redundant,recommend_drop,recommend_keep
Packet Length Mean,1.8161106715268656,1,1539225.7138413608,0.0,4,True,212630.68584448285,0.029729666666666668,False,False,False,1.0,0.961038961038961,0.9844155844155844,1,False,False,True
Fwd Packet Length Mean,1.811951808633166,3,1540674.2172236058,0.0,3,True,212533.4794163974,0.029751333333333334,False,False,False,0.974025974025974,0.974025974025974,0.974025974025974,2,True,True,False
Avg Fwd Segment Size,1.8117094679565964,4,1540674.2172236058,0.0,2,True,212533.4794163974,0.029751333333333334,False,False,False,0.961038961038961,0.987012987012987,0.9714285714285714,3,True,True,False
Fwd Packet Length Min,1.8120131525669796,2,1524129.9746310087,0.0,6,True,214281.94054838314,0.030255,False,False,False,0.987012987012987,0.935064935064935,0.9662337662337662,4,True,True,False
Min Packet Length,1.8112092686110914,5,1524987.1171171654,0.0,5,True,214278.68288308673,0.030296,False,False,False,0.948051948051948,0.948051948051948,0.948051948051948,5,True,True,False
Max Packet Length,1.8111019686359704,6,1456728.6609601248,0.0,9,True,212145.16099024992,0.029729666666666668,False,False,False,0.935064935064935,0.8961038961038961,0.9194805194805195,6,True,True,False
Fwd Packet Length Max,1.8100589512643293,7,1516663.8750325101,0.0,8,True,211539.2756468599,0.029751333333333334,False,False,False,0.922077922077922,0.9090909090909091,0.9168831168831169,7,True,True,False
Average Packet Size,1.7779411402199448,8,1517529.1071614441,0.0,7,True,493955.52560577757,0.029729666666666668,False,False,False,0.9090909090909091,0.922077922077922,0.9142857142857143,8,True,True,False
Subflow Fwd Bytes,1.7511134179425882,9,136974.25762016402,0.0,13,True,27430353.43114314,0.029751333333333334,False,False,False,0.8961038961038961,0.8441558441558441,0.8753246753246753,9,False,False,True
Total Length of Fwd Packets,1.7510905414876943,10,136974.25762016402,0.0,12,True,27430353.43114314,0.029751333333333334,False,False,False,0.8831168831168831,0.8571428571428572,0.8727272727272728,10,True,True,False
Flow Bytes/s,1.712429449958734,11,260537.58357211453,0.0,11,True,8.126352300913898e+17,0.056924,False,False,False,0.8701298701298701,0.8701298701298701,0.8701298701298701,11,False,False,True
Fwd Packets/s,0.6436254700292934,12,38541.60269584565,0.0,20,True,850612412384.514,0.030741333333333332,False,False,False,0.8571428571428572,0.7532467532467533,0.8155844155844156,12,False,False,True
Flow Packets/s,0.6379810124706373,13,38521.16283855886,0.0,21,True,849373842944.2062,0.030741333333333332,False,False,False,0.8441558441558441,0.7402597402597403,0.8025974025974025,13,True,True,False
ACK Flag Count,0.3210670097479684,27,4399607.801575093,0.0,1,True,0.08903190294118986,0.9012083333333333,False,False,False,0.6623376623376623,1.0,0.7974025974025973,14,False,False,True
Flow IAT Mean,0.5999109909288909,14,29880.646257322966,0.0,23,True,454127468392.5129,0.030741333333333332,False,False,False,0.8311688311688312,0.7142857142857143,0.7844155844155845,15,False,False,True
Init_Win_bytes_forward,0.329059595029225,26,689121.9941230968,0.0,10,True,3719803.1446250426,2.8333333333333332e-05,False,False,False,0.6753246753246753,0.8831168831168831,0.7584415584415585,16,False,False,True
act_data_pkt_fwd,0.36429709881931194,24,133519.0153588383,0.0,14,True,141.22472947839788,0.029904,False,False,False,0.7012987012987013,0.8311688311688312,0.7532467532467533,17,True,True,False
Flow IAT Std,0.5159514138385459,22,31726.60847488184,0.0,22,True,1143863151465.7327,0.7264313333333333,False,False,False,0.7272727272727273,0.7272727272727273,0.7272727272727273,18,True,True,False
Fwd IAT Mean,0.5491168270660096,17,25876.95660867285,0.0,30,True,589408255370.693,0.03429133333333333,False,False,False,0.7922077922077921,0.6233766233766234,0.7246753246753246,19,True,True,False
Flow IAT Max,0.575909361070909,16,22234.166129543642,0.0,32,True,6372085265141.169,0.030741333333333332,False,False,False,0.8051948051948052,0.5974025974025974,0.7220779220779221,20,True,True,False
Fwd IAT Std,0.4587694269239875,23,29595.031461095477,0.0,24,True,1265064723130.153,0.7523413333333333,False,False,False,0.7142857142857143,0.7012987012987013,0.7090909090909091,21,True,True,False
Flow Duration,0.5943173748838655,15,14731.261588313258,0.0,39,True,41926546854661.8,0.030741333333333332,False,False,False,0.8181818181818181,0.5064935064935066,0.6935064935064935,22,False,False,True
Packet Length Std,0.18881201854744267,30,53385.15826148345,0.0,18,True,195.5050948212921,0.9239913333333334,False,False,False,0.6233766233766234,0.7792207792207793,0.6857142857142857,23,False,False,True
Fwd Packet Length Std,0.18433413823318512,32,65025.99133412168,0.0,16,True,137.98347887012247,0.9246013333333334,False,False,False,0.5974025974025974,0.8051948051948052,0.6805194805194805,24,False,False,True
Fwd IAT Max,0.536958924000098,21,22177.95211895091,0.0,33,True,6370537186079.201,0.03429133333333333,False,False,False,0.7402597402597403,0.5844155844155844,0.6779220779220779,25,True,True,False
Fwd IAT Total,0.5474856691737933,18,14687.81839714422,0.0,40,True,41917347236737.125,0.03429133333333333,False,False,False,0.7792207792207793,0.49350649350649356,0.6649350649350649,26,True,True,False
Bwd Packet Length Min,0.07825102891183189,41,50666.52402126528,0.0,19,True,8.493172552261852,0.970848,False,False,False,0.48051948051948057,0.7662337662337663,0.5948051948051949,27,False,False,True
Packet Length Variance,0.18817230075591018,31,15103.72006307763,0.0,38,True,63796424.04435849,0.9239913333333334,False,False,False,0.6103896103896104,0.5194805194805194,0.574025974025974,28,False,False,True
Bwd Packet Length Mean,0.0790530685081805,40,29451.72350442851,0.0,25,True,123.84867943560623,0.9705036666666667,False,False,False,0.49350649350649356,0.6883116883116883,0.5714285714285715,29,False,False,True
Fwd Header Length,0.5398309619141104,19,485.71359668509433,0.0,57,True,1.7155215759338834e+18,0.15756966666666666,False,False,False,0.7662337662337663,0.2727272727272727,0.5688311688311688,30,False,False,True
Bwd Packets/s,0.08715180385534183,35,16469.476277584406,0.0,35,True,37193411.34950756,0.9660733333333333,False,False,False,0.5584415584415585,0.5584415584415585,0.5584415584415585,31,False,False,True
Fwd Header Length.1,0.539558073990257,20,485.71359668509433,0.0,58,True,1.7155215759338834e+18,0.15756966666666666,False,False,False,0.7532467532467533,0.2597402597402597,0.5558441558441558,32,True,True,False
min_seg_size_forward,0.33448056398376913,25,3201.17865542161,0.0,51,True,4.518511327046933e+16,0.19806566666666667,False,False,False,0.6883116883116883,0.35064935064935066,0.5532467532467532,33,False,False,True
Avg Bwd Segment Size,0.07798587390031209,44,29451.72350442851,0.0,26,True,123.84867943560623,0.9705036666666667,False,False,False,0.4415584415584416,0.6753246753246753,0.5350649350649351,34,True,True,False
Down/Up Ratio,0.0662966550381241,50,57371.67909624117,0.0,17,True,0.027815594493087063,0.9737043333333333,False,False,False,0.36363636363636365,0.7922077922077921,0.535064935064935,35,False,False,True
Init_Win_bytes_backward,0.0842117136654088,38,14676.326041076587,0.0,41,True,213389.54603216972,0.032462333333333336,False,False,False,0.5194805194805194,0.48051948051948057,0.5038961038961038,36,False,False,True
Bwd Packet Length Max,0.07755552490541229,47,25603.9139721636,0.0,31,True,1294.0578755698516,0.9705036666666667,False,False,False,0.4025974025974026,0.6103896103896104,0.4857142857142857,37,False,False,True
Subflow Fwd Packets,0.2970046089746017,28,215.03131118088857,0.0,60,True,48982.55585890736,0.0,False,False,False,0.6493506493506493,0.23376623376623373,0.48311688311688306,38,False,False,True
Total Fwd Packets,0.2965910185513252,29,215.03131118088857,0.0,61,True,48982.55585890736,0.0,False,False,False,0.6363636363636364,0.22077922077922074,0.47012987012987006,39,True,True,False
URG Flag Count,0.004319596920969282,60,91269.87211441806,0.0,15,True,0.0009271391250463753,0.999072,False,False,True,0.23376623376623373,0.8181818181818181,0.46753246753246747,40,False,True,False
Subflow Bwd Packets,0.08432614752571999,37,5039.847669941579,0.0,50,True,6.245098426299368,0.966073,False,False,False,0.5324675324675325,0.36363636363636365,0.464935064935065,41,False,False,True
Total Backward Packets,0.08410230369741845,39,5039.847669941579,0.0,49,True,6.245098426299368,0.966073,False,False,False,0.5064935064935066,0.37662337662337664,0.4545454545454546,42,True,True,False
Bwd IAT Total,0.07784380597525997,45,7430.448349997741,0.0,44,True,8038059037622.5,0.969005,False,False,False,0.4285714285714286,0.4415584415584416,0.4337662337662338,43,False,False,True
Idle Max,0.02634872563276014,51,15107.024591410896,0.0,37,True,5439935448063.671,0.9890323333333333,False,False,False,0.35064935064935066,0.5324675324675325,0.4233766233766234,44,False,False,True
Fwd IAT Min,0.14587906593889644,33,46.525579827884144,3.55227212498096e-166,65,True,1299247000.302284,0.08060733333333334,False,False,False,0.5844155844155844,0.16883116883116878,0.4181818181818181,45,False,False,True
Bwd IAT Max,0.07763458518426836,46,5727.581013146709,0.0,46,True,4327637015748.07,0.969005,False,False,False,0.4155844155844156,0.4155844155844156,0.4155844155844156,46,False,False,True
Flow IAT Min,0.1453112786227555,34,55.74139125026057,1.4671546696712967e-201,64,True,1298475878.7621887,0.08300266666666667,False,False,False,0.5714285714285714,0.18181818181818177,0.4155844155844155,47,True,True,False
Idle Mean,0.025492320143126967,53,15284.98352133964,0.0,36,True,3105719056374.6777,0.9890323333333333,False,False,False,0.3246753246753247,0.5454545454545454,0.41298701298701296,48,True,True,False
Bwd Header Length,0.08596221942904059,36,155.07619099994156,0.0,62,True,21081576520146.227,0.966094,False,False,False,0.5454545454545454,0.20779220779220775,0.4103896103896103,49,False,False,True
CWE Flag Count,0.0026392423673646803,61,28536.031776759148,0.0,27,True,0.0004947551399183822,0.999505,False,False,True,0.22077922077922074,0.6623376623376623,0.3974025974025974,50,False,True,False
Bwd IAT Min,0.07262741738875222,49,5905.444156681501,0.0,45,True,4.799687940477199,0.9701906666666666,False,False,False,0.37662337662337664,0.4285714285714286,0.3974025974025974,51,False,False,True
Bwd IAT Mean,0.07729379084322874,48,5118.6079338195095,0.0,47,True,347009344537.304,0.969005,False,False,False,0.38961038961038963,0.4025974025974026,0.3948051948051948,52,True,True,False
Subflow Bwd Bytes,0.0782485122709291,42,722.0127469054746,0.0,56,True,14902143.686825614,0.9705036666666667,False,False,False,0.4675324675324676,0.2857142857142857,0.3948051948051948,53,False,False,True
Total Length of Bwd Packets,0.078197593281498,43,722.0127469054746,0.0,55,True,14902143.686825614,0.9705036666666667,False,False,False,0.4545454545454546,0.2987012987012987,0.3922077922077922,54,True,True,False
Idle Min,0.026153009514618297,52,13820.284230626603,0.0,42,True,1929379150189.078,0.9890323333333333,False,False,False,0.33766233766233766,0.4675324675324676,0.38961038961038963,55,True,True,False
RST Flag Count,0.0018546516994439877,62,27723.92012512474,0.0,29,True,0.0002532692399786354,0.9997466666666667,False,False,True,0.20779220779220775,0.6363636363636364,0.37922077922077924,56,False,True,False
Fwd PSH Flags,0.0014081553260640867,63,27723.92012512474,0.0,28,True,0.0002532692399786354,0.9997466666666667,False,False,True,0.19480519480519476,0.6493506493506493,0.37662337662337664,57,True,True,False
Idle Std,0.023164762181576037,57,10633.134394777318,0.0,43,True,364141403722.7185,0.990327,False,False,True,0.2727272727272727,0.4545454545454546,0.34545454545454546,58,False,True,False
Bwd Packet Length Std,0.0012684297229164088,64,19161.085131871383,0.0,34,True,122.73349590925272,0.9996346666666667,False,False,True,0.18181818181818177,0.5714285714285714,0.3376623376623376,59,True,True,False
Active Max,0.025175347709672113,54,1336.040528401694,0.0,53,True,14767790063.711042,0.9891846666666667,False,False,False,0.3116883116883117,0.3246753246753247,0.3168831168831169,60,False,False,True
Bwd IAT Std,0.012094907999372406,59,5089.169635318206,0.0,48,True,1045279392514.3888,0.9950143333333333,False,False,True,0.24675324675324672,0.38961038961038963,0.3038961038961039,61,True,True,False
Active Mean,0.024502567661965458,56,799.1793113311713,0.0,54,True,4399318367.816641,0.9891846666666667,False,False,False,0.2857142857142857,0.3116883116883117,0.2961038961038961,62,False,False,True
Active Std,0.01894288823889223,58,1356.2036354349254,0.0,52,True,3122377523.939522,0.99206,False,False,True,0.2597402597402597,0.33766233766233766,0.2909090909090909,63,False,True,False
Active Min,0.024977960630856,55,437.7249917890307,0.0,59,True,3037307044.6236715,0.9891846666666667,False,False,False,0.2987012987012987,0.24675324675324672,0.2779220779220779,64,False,False,True
SYN Flag Count,0.0003382187268003989,68,108.90599399281065,0.0,63,True,2.8999168666389555e-05,0.999971,False,False,True,0.1298701298701299,0.19480519480519476,0.15584415584415584,65,False,True,False
Fwd URG Flags,0.00046277798904936773,66,,,67,False,0.0,1.0,True,False,True,0.1558441558441559,0.1428571428571429,0.1506493506493507,66,False,True,False
Fwd Avg Packets/Bulk,0.0008712197596993931,65,,,73,False,0.0,1.0,True,False,True,0.16883116883116878,0.06493506493506496,0.12727272727272726,67,False,True,False
ECE Flag Count,0.0003201459928892092,69,,,71,False,0.0,1.0,True,False,True,0.11688311688311692,0.09090909090909094,0.10649350649350653,68,False,True,False
Bwd PSH Flags,9.185649529674933e-05,73,,,66,False,0.0,1.0,True,False,True,0.06493506493506496,0.1558441558441559,0.10129870129870133,69,False,True,False
Fwd Avg Bytes/Bulk,0.00031962096513193927,70,,,72,False,0.0,1.0,True,False,True,0.10389610389610393,0.07792207792207795,0.09350649350649354,70,False,True,False
Bwd Avg Bulk Rate,0.00038674736059363113,67,,,77,False,0.0,1.0,True,False,True,0.1428571428571429,0.012987012987012991,0.09090909090909094,71,False,True,False
PSH Flag Count,0.0001111192444707143,72,,,70,False,0.0,1.0,True,False,True,0.07792207792207795,0.10389610389610393,0.08831168831168834,72,False,True,False
Bwd URG Flags,0.0,75,,,68,False,0.0,1.0,True,False,True,0.038961038961038974,0.1298701298701299,0.07532467532467535,73,False,True,False
Bwd Avg Packets/Bulk,0.00023629230750144004,71,,,76,False,0.0,1.0,True,False,True,0.09090909090909094,0.025974025974025983,0.06493506493506496,74,False,True,False
FIN Flag Count,0.0,76,,,69,False,0.0,1.0,True,False,True,0.025974025974025983,0.11688311688311692,0.06233766233766236,75,False,True,False
Fwd Avg Bulk Rate,5.624757332878261e-05,74,,,74,False,0.0,1.0,True,False,True,0.051948051948051965,0.051948051948051965,0.051948051948051965,76,False,True,False
Bwd Avg Bytes/Bulk,0.0,77,,,75,False,0.0,1.0,True,False,True,0.012987012987012991,0.038961038961038974,0.023376623376623384,77,False,True,False
